사업구분명,ym,count
CB/IECEx인증,2012-05,23
CB/IECEx인증,2012-06,116
CB/IECEx인증,2012-07,123
CB/IECEx인증,2012-08,200
CB/IECEx인증,2012-09,154
CB/IECEx인증,2012-10,118
CB/IECEx인증,2012-11,112
CB/IECEx인증,2012-12,144
CB/IECEx인증,2013-01,193
CB/IECEx인증,2013-02,129
CB/IECEx인증,2013-03,162
CB/IECEx인증,2013-04,100
CB/IECEx인증,2013-05,57
CB/IECEx인증,2013-06,83
CB/IECEx인증,2013-07,188
CB/IECEx인증,2013-08,125
CB/IECEx인증,2013-09,83
CB/IECEx인증,2013-10,100
CB/IECEx인증,2013-11,190
CB/IECEx인증,2013-12,245
CB/IECEx인증,2014-01,143
CB/IECEx인증,2014-02,193
CB/IECEx인증,2014-03,109
CB/IECEx인증,2014-04,111
CB/IECEx인증,2014-05,98
CB/IECEx인증,2014-06,192
CB/IECEx인증,2014-07,152
CB/IECEx인증,2014-08,124
CB/IECEx인증,2014-09,175
CB/IECEx인증,2014-10,104
CB/IECEx인증,2014-11,105
CB/IECEx인증,2014-12,384
CB/IECEx인증,2015-01,131
CB/IECEx인증,2015-02,139
CB/IECEx인증,2015-03,167
CB/IECEx인증,2015-04,197
CB/IECEx인증,2015-05,115
CB/IECEx인증,2015-06,167
CB/IECEx인증,2015-07,177
CB/IECEx인증,2015-08,103
CB/IECEx인증,2015-09,156
CB/IECEx인증,2015-10,76
CB/IECEx인증,2015-11,81
CB/IECEx인증,2015-12,297
CB/IECEx인증,2016-01,310
CB/IECEx인증,2016-02,120
CB/IECEx인증,2016-03,203
CB/IECEx인증,2016-04,150
CB/IECEx인증,2016-05,122
CB/IECEx인증,2016-06,133
CB/IECEx인증,2016-07,172
CB/IECEx인증,2016-08,95
CB/IECEx인증,2016-09,95
CB/IECEx인증,2016-10,220
CB/IECEx인증,2016-11,134
CB/IECEx인증,2016-12,510
CB/IECEx인증,2017-01,94
CB/IECEx인증,2017-02,90
CB/IECEx인증,2017-03,91
CB/IECEx인증,2017-04,104
CB/IECEx인증,2017-05,87
CB/IECEx인증,2017-06,104
CB/IECEx인증,2017-07,54
CB/IECEx인증,2017-08,56
CB/IECEx인증,2017-09,102
CB/IECEx인증,2017-10,72
CB/IECEx인증,2017-11,151
CB/IECEx인증,2017-12,55
CB/IECEx인증,2018-01,95
CB/IECEx인증,2018-02,82
CB/IECEx인증,2018-03,111
CB/IECEx인증,2018-04,81
CB/IECEx인증,2018-05,108
CB/IECEx인증,2018-06,99
CB/IECEx인증,2018-07,128
CB/IECEx인증,2018-08,80
CB/IECEx인증,2018-09,95
CB/IECEx인증,2018-10,118
CB/IECEx인증,2018-11,138
CB/IECEx인증,2018-12,141
CB/IECEx인증,2019-01,139
CB/IECEx인증,2019-02,99
CB/IECEx인증,2019-03,145
CB/IECEx인증,2019-04,133
CB/IECEx인증,2019-05,123
CB/IECEx인증,2019-06,115
CB/IECEx인증,2019-07,206
CB/IECEx인증,2019-08,145
CB/IECEx인증,2019-09,171
CB/IECEx인증,2019-10,97
CB/IECEx인증,2019-11,142
CB/IECEx인증,2019-12,194
CB/IECEx인증,2020-01,160
CB/IECEx인증,2020-02,100
CB/IECEx인증,2020-03,182
CB/IECEx인증,2020-04,158
CB/IECEx인증,2020-05,105
CB/IECEx인증,2020-06,153
CB/IECEx인증,2020-07,160
CB/IECEx인증,2020-08,114
CB/IECEx인증,2020-09,226
CB/IECEx인증,2020-10,123
CB/IECEx인증,2020-11,135
CB/IECEx인증,2020-12,177
CB/IECEx인증,2021-01,134
CB/IECEx인증,2021-02,138
CB/IECEx인증,2021-03,118
CB/IECEx인증,2021-04,162
CB/IECEx인증,2021-05,143
CB/IECEx인증,2021-06,138
CB/IECEx인증,2021-07,161
CB/IECEx인증,2021-08,149
CB/IECEx인증,2021-09,124
CB/IECEx인증,2021-10,159
CB/IECEx인증,2021-11,134
CB/IECEx인증,2021-12,142
CB/IECEx인증,2022-01,106
CB/IECEx인증,2022-02,66
CB/IECEx인증,2022-03,134
CB/IECEx인증,2022-04,145
CB/IECEx인증,2022-05,116
CB/IECEx인증,2022-06,159
CB/IECEx인증,2022-07,130
CB/IECEx인증,2022-08,199
CB/IECEx인증,2022-09,186
CB/IECEx인증,2022-10,119
CB/IECEx인증,2022-11,158
CB/IECEx인증,2022-12,112
CB/IECEx인증,2023-01,108
CB/IECEx인증,2023-02,92
GMP,2021-01,4
GMP,2021-02,16
GMP,2021-03,15
GMP,2021-04,30
GMP,2021-05,40
GMP,2021-06,45
GMP,2021-07,52
GMP,2021-08,36
GMP,2021-09,32
공산품안전인증,2012-05,14
공산품안전인증,2012-06,84
공산품안전인증,2012-07,208
공산품안전인증,2012-08,127
공산품안전인증,2012-09,74
공산품안전인증,2012-10,84
공산품안전인증,2012-11,76
공산품안전인증,2012-12,74
공산품안전인증,2013-01,82
공산품안전인증,2013-02,62
공산품안전인증,2013-03,118
공산품안전인증,2013-04,14
공산품안전인증,2013-05,20
공산품안전인증,2013-06,15
공산품안전인증,2013-07,22
공산품안전인증,2013-08,108
공산품안전인증,2013-09,22
공산품안전인증,2013-10,36
공산품안전인증,2013-11,45
공산품안전인증,2013-12,8
공산품안전인증,2014-01,40
공산품안전인증,2014-02,5
공산품안전인증,2014-03,52
공산품안전인증,2014-04,38
공산품안전인증,2014-05,42
공산품안전인증,2014-06,64
공산품안전인증,2014-07,35
공산품안전인증,2014-08,66
공산품안전인증,2014-09,31
공산품안전인증,2014-10,48
공산품안전인증,2014-11,17
공산품안전인증,2014-12,18
공산품안전인증,2015-01,100
공산품안전인증,2015-02,34
공산품안전인증,2015-03,30
공산품안전인증,2015-04,14
공산품안전인증,2015-05,27
공산품안전인증,2015-06,19
공산품안전인증,2015-07,15
공산품안전인증,2015-08,40
공산품안전인증,2015-09,54
공산품안전인증,2015-10,30
공산품안전인증,2015-11,30
공산품안전인증,2015-12,46
공산품안전인증,2016-01,31
공산품안전인증,2016-02,8
공산품안전인증,2016-03,22
공산품안전인증,2016-04,43
공산품안전인증,2016-05,37
공산품안전인증,2016-06,10
공산품안전인증,2016-07,19
공산품안전인증,2016-08,28
공산품안전인증,2016-09,24
공산품안전인증,2016-10,17
공산품안전인증,2016-11,24
공산품안전인증,2016-12,26
공산품안전인증,2017-01,13
공산품안전인증,2017-02,22
공산품안전인증,2017-03,14
공산품안전인증,2017-04,18
공산품안전인증,2017-05,11
공산품안전인증,2017-06,18
공산품안전인증,2017-07,37
공산품안전인증,2017-08,28
공산품안전인증,2017-09,22
공산품안전인증,2017-10,16
공산품안전인증,2017-11,20
공산품안전인증,2017-12,22
공산품안전인증,2018-01,12
공산품안전인증,2018-02,20
공산품안전인증,2018-03,20
공산품안전인증,2018-04,20
공산품안전인증,2018-05,33
공산품안전인증,2018-06,28
공산품안전인증,2018-07,10
공산품안전인증,2018-08,29
공산품안전인증,2018-09,15
공산품안전인증,2018-10,14
공산품안전인증,2018-11,22
공산품안전인증,2018-12,31
공산품안전인증,2019-01,37
공산품안전인증,2019-02,9
공산품안전인증,2019-03,71
공산품안전인증,2019-04,40
공산품안전인증,2019-05,7
공산품안전인증,2019-06,12
공산품안전인증,2019-07,6
공산품안전인증,2019-09,5
공산품안전인증,2019-10,9
공산품안전인증,2019-11,7
공산품안전인증,2019-12,7
공산품안전인증,2020-01,4
공산품안전인증,2020-04,5
공산품안전인증,2020-05,4
공산품안전인증,2020-06,5
공산품안전인증,2020-07,20
공산품안전인증,2020-08,3
공산품안전인증,2020-09,1
공산품안전인증,2020-10,7
공산품안전인증,2020-11,10
공산품안전인증,2020-12,18
공산품안전인증,2021-01,2
공산품안전인증,2021-03,7
공산품안전인증,2021-04,3
공산품안전인증,2021-05,10
공산품안전인증,2021-06,2
공산품안전인증,2021-07,16
공산품안전인증,2021-08,4
공산품안전인증,2021-09,2
공산품안전인증,2021-10,2
공산품안전인증,2021-11,4
공산품안전인증,2021-12,17
공산품안전인증,2022-01,6
공산품안전인증,2022-03,4
공산품안전인증,2022-05,22
공산품안전인증,2022-06,9
공산품안전인증,2022-07,16
공산품안전인증,2022-08,3
공산품안전인증,2022-09,29
공산품안전인증,2022-11,6
공산품안전인증,2022-12,19
공산품안전인증,2023-01,4
공산품안전인증,2023-02,9
기간산업,2012-05,25
기간산업,2012-06,504
기간산업,2012-07,512
기간산업,2012-08,516
기간산업,2012-09,493
기간산업,2012-10,458
기간산업,2012-11,672
기간산업,2012-12,572
기간산업,2013-01,667
기간산업,2013-02,541
기간산업,2013-03,635
기간산업,2013-04,593
기간산업,2013-05,739
기간산업,2013-06,533
기간산업,2013-07,683
기간산업,2013-08,605
기간산업,2013-09,491
기간산업,2013-10,648
기간산업,2013-11,543
기간산업,2013-12,551
기간산업,2014-01,618
기간산업,2014-02,493
기간산업,2014-03,946
기간산업,2014-04,780
기간산업,2014-05,562
기간산업,2014-06,657
기간산업,2014-07,669
기간산업,2014-08,734
기간산업,2014-09,445
기간산업,2014-10,592
기간산업,2014-11,613
기간산업,2014-12,614
기간산업,2015-01,474
기간산업,2015-02,460
기간산업,2015-03,698
기간산업,2015-04,719
기간산업,2015-05,543
기간산업,2015-06,777
기간산업,2015-07,768
기간산업,2015-08,560
기간산업,2015-09,601
기간산업,2015-10,668
기간산업,2015-11,591
기간산업,2015-12,539
기간산업,2016-01,489
기간산업,2016-02,394
기간산업,2016-03,486
기간산업,2016-04,460
기간산업,2016-05,608
기간산업,2016-06,803
기간산업,2016-07,649
기간산업,2016-08,707
기간산업,2016-09,565
기간산업,2016-10,596
기간산업,2016-11,724
기간산업,2016-12,710
기간산업,2017-01,492
기간산업,2017-02,562
기간산업,2017-03,671
기간산업,2017-04,709
기간산업,2017-05,502
기간산업,2017-06,593
기간산업,2017-07,636
기간산업,2017-08,737
기간산업,2017-09,855
기간산업,2017-10,607
기간산업,2017-11,1323
기간산업,2017-12,837
기간산업,2018-01,533
기간산업,2018-02,428
기간산업,2018-03,558
기간산업,2018-04,633
기간산업,2018-05,613
기간산업,2018-06,648
기간산업,2018-07,554
기간산업,2018-08,609
기간산업,2018-09,638
기간산업,2018-10,662
기간산업,2018-11,1033
기간산업,2018-12,866
기간산업,2019-01,662
기간산업,2019-02,466
기간산업,2019-03,603
기간산업,2019-04,752
기간산업,2019-05,672
기간산업,2019-06,666
기간산업,2019-07,860
기간산업,2019-08,607
기간산업,2019-09,570
기간산업,2019-10,586
기간산업,2019-11,952
기간산업,2019-12,748
기간산업,2020-01,502
기간산업,2020-02,503
기간산업,2020-03,610
기간산업,2020-04,667
기간산업,2020-05,484
기간산업,2020-06,717
기간산업,2020-07,690
기간산업,2020-08,611
기간산업,2020-09,539
기간산업,2020-10,594
기간산업,2020-11,897
기간산업,2020-12,923
기간산업,2021-01,517
기간산업,2021-02,517
기간산업,2021-03,686
기간산업,2021-04,569
기간산업,2021-05,582
기간산업,2021-06,609
기간산업,2021-07,484
기간산업,2021-08,484
기간산업,2021-09,470
기간산업,2021-10,636
기간산업,2021-11,1135
기간산업,2021-12,796
기간산업,2022-01,618
기간산업,2022-02,480
기간산업,2022-03,472
기간산업,2022-04,479
기간산업,2022-05,579
기간산업,2022-06,449
기간산업,2022-07,550
기간산업,2022-08,543
기간산업,2022-09,553
기간산업,2022-10,736
기간산업,2022-11,1188
기간산업,2022-12,840
기간산업,2023-01,518
기간산업,2023-02,623
기업지원,2012-06,41
기업지원,2012-07,215
기업지원,2012-08,319
기업지원,2012-09,1017
기업지원,2012-10,567
기업지원,2012-11,694
기업지원,2012-12,568
기업지원,2013-01,352
기업지원,2013-02,495
기업지원,2013-03,359
기업지원,2013-04,530
기업지원,2013-05,913
기업지원,2013-06,764
기업지원,2013-07,304
기업지원,2013-08,430
기업지원,2013-09,579
기업지원,2013-10,686
기업지원,2013-11,529
기업지원,2013-12,580
기업지원,2014-01,249
기업지원,2014-02,352
기업지원,2014-03,484
기업지원,2014-04,415
기업지원,2014-05,338
기업지원,2014-06,412
기업지원,2014-07,597
기업지원,2014-08,316
기업지원,2014-09,551
기업지원,2014-10,481
기업지원,2014-11,246
기업지원,2014-12,752
기업지원,2015-01,373
기업지원,2015-02,513
기업지원,2015-03,429
기업지원,2015-04,539
기업지원,2015-05,275
기업지원,2015-06,341
기업지원,2015-07,409
기업지원,2015-08,442
기업지원,2015-09,413
기업지원,2015-10,494
기업지원,2015-11,725
기업지원,2015-12,700
기업지원,2016-01,273
기업지원,2016-02,239
기업지원,2016-03,336
기업지원,2016-04,517
기업지원,2016-05,368
기업지원,2016-06,456
기업지원,2016-07,407
기업지원,2016-08,386
기업지원,2016-09,893
기업지원,2016-10,505
기업지원,2016-11,677
기업지원,2016-12,614
기업지원,2017-01,287
기업지원,2017-02,413
기업지원,2017-03,547
기업지원,2017-04,458
기업지원,2017-05,377
기업지원,2017-06,459
기업지원,2017-07,1256
기업지원,2017-08,331
기업지원,2017-09,400
기업지원,2017-10,381
기업지원,2017-11,491
기업지원,2017-12,670
기업지원,2018-01,346
기업지원,2018-02,316
기업지원,2018-03,1028
기업지원,2018-04,407
기업지원,2018-05,437
기업지원,2018-06,559
기업지원,2018-07,274
기업지원,2018-08,392
기업지원,2018-09,282
기업지원,2018-10,535
기업지원,2018-11,250
기업지원,2018-12,550
기업지원,2019-01,299
기업지원,2019-02,202
기업지원,2019-03,364
기업지원,2019-04,912
기업지원,2019-05,401
기업지원,2019-06,366
기업지원,2019-07,411
기업지원,2019-08,372
기업지원,2019-09,360
기업지원,2019-10,616
기업지원,2019-11,358
기업지원,2019-12,529
기업지원,2020-01,252
기업지원,2020-02,276
기업지원,2020-03,503
기업지원,2020-04,541
기업지원,2020-05,359
기업지원,2020-06,556
기업지원,2020-07,518
기업지원,2020-08,318
기업지원,2020-09,363
기업지원,2020-10,530
기업지원,2020-11,404
기업지원,2020-12,421
기업지원,2021-01,327
기업지원,2021-02,240
기업지원,2021-03,528
기업지원,2021-04,430
기업지원,2021-05,344
기업지원,2021-06,478
기업지원,2021-07,311
기업지원,2021-08,279
기업지원,2021-09,261
기업지원,2021-10,319
기업지원,2021-11,390
기업지원,2021-12,439
기업지원,2022-01,251
기업지원,2022-02,188
기업지원,2022-03,492
기업지원,2022-04,323
기업지원,2022-05,305
기업지원,2022-06,316
기업지원,2022-07,373
기업지원,2022-08,404
기업지원,2022-09,352
기업지원,2022-10,383
기업지원,2022-11,473
기업지원,2022-12,501
기업지원,2023-01,271
기업지원,2023-02,369
방폭인증,2012-05,1
방폭인증,2012-06,41
방폭인증,2012-07,37
방폭인증,2012-08,120
방폭인증,2012-09,46
방폭인증,2012-10,29
방폭인증,2012-11,120
방폭인증,2012-12,27
방폭인증,2013-01,38
방폭인증,2013-02,54
방폭인증,2013-03,38
방폭인증,2013-04,58
방폭인증,2013-05,8
방폭인증,2013-06,23
방폭인증,2013-07,450
방폭인증,2013-08,232
방폭인증,2013-09,67
방폭인증,2013-10,76
방폭인증,2013-11,41
방폭인증,2013-12,168
방폭인증,2014-01,15
방폭인증,2014-02,13
방폭인증,2014-03,632
방폭인증,2014-04,33
방폭인증,2014-05,28
방폭인증,2014-06,59
방폭인증,2014-07,28
방폭인증,2014-08,450
방폭인증,2014-09,332
방폭인증,2014-10,118
방폭인증,2014-11,172
방폭인증,2014-12,184
방폭인증,2015-01,128
방폭인증,2015-02,30
방폭인증,2015-03,3
방폭인증,2015-04,44
방폭인증,2015-05,257
방폭인증,2015-06,90
방폭인증,2015-07,175
방폭인증,2015-08,80
방폭인증,2015-09,50
방폭인증,2015-10,111
방폭인증,2015-11,160
방폭인증,2015-12,72
방폭인증,2016-01,228
방폭인증,2016-02,69
방폭인증,2016-03,141
방폭인증,2016-04,93
방폭인증,2016-05,140
방폭인증,2016-06,78
방폭인증,2016-07,49
방폭인증,2016-08,66
방폭인증,2016-09,85
방폭인증,2016-10,186
방폭인증,2016-11,246
방폭인증,2016-12,486
방폭인증,2017-01,111
방폭인증,2017-02,190
방폭인증,2017-03,235
방폭인증,2017-04,110
방폭인증,2017-05,166
방폭인증,2017-06,66
방폭인증,2017-07,185
방폭인증,2017-08,223
방폭인증,2017-09,93
방폭인증,2017-10,123
방폭인증,2017-11,213
방폭인증,2017-12,225
방폭인증,2018-01,181
방폭인증,2018-02,119
방폭인증,2018-03,184
방폭인증,2018-04,249
방폭인증,2018-05,204
방폭인증,2018-06,138
방폭인증,2018-07,209
방폭인증,2018-08,223
방폭인증,2018-09,173
방폭인증,2018-10,274
방폭인증,2018-11,249
방폭인증,2018-12,272
방폭인증,2019-01,325
방폭인증,2019-02,188
방폭인증,2019-03,265
방폭인증,2019-04,360
방폭인증,2019-05,233
방폭인증,2019-06,453
방폭인증,2019-07,464
방폭인증,2019-08,334
방폭인증,2019-09,245
방폭인증,2019-10,366
방폭인증,2019-11,434
방폭인증,2019-12,518
방폭인증,2020-01,466
방폭인증,2020-02,543
방폭인증,2020-03,285
방폭인증,2020-04,330
방폭인증,2020-05,348
방폭인증,2020-06,278
방폭인증,2020-07,413
방폭인증,2020-08,274
방폭인증,2020-09,307
방폭인증,2020-10,224
방폭인증,2020-11,226
방폭인증,2020-12,493
방폭인증,2021-01,316
방폭인증,2021-02,199
방폭인증,2021-03,419
방폭인증,2021-04,327
방폭인증,2021-05,373
방폭인증,2021-06,533
방폭인증,2021-07,372
방폭인증,2021-08,383
방폭인증,2021-09,317
방폭인증,2021-10,463
방폭인증,2021-11,369
방폭인증,2021-12,231
방폭인증,2022-01,433
방폭인증,2022-02,429
방폭인증,2022-03,251
방폭인증,2022-04,482
방폭인증,2022-05,219
방폭인증,2022-06,203
방폭인증,2022-07,334
방폭인증,2022-08,412
방폭인증,2022-09,260
방폭인증,2022-10,282
방폭인증,2022-11,339
방폭인증,2022-12,312
방폭인증,2023-01,312
방폭인증,2023-02,381
승강기인증,2012-06,22
승강기인증,2012-07,77
승강기인증,2012-08,28
승강기인증,2012-09,50
승강기인증,2012-10,25
승강기인증,2012-11,144
승강기인증,2012-12,29
승강기인증,2013-01,54
승강기인증,2013-02,114
승강기인증,2013-03,115
승강기인증,2013-04,85
승강기인증,2013-05,157
승강기인증,2013-06,75
승강기인증,2013-07,110
승강기인증,2013-08,146
승강기인증,2013-09,86
승강기인증,2013-10,86
승강기인증,2013-11,161
승강기인증,2013-12,73
승강기인증,2014-01,76
승강기인증,2014-02,113
승강기인증,2014-03,102
승강기인증,2014-04,56
승강기인증,2014-05,69
승강기인증,2014-06,67
승강기인증,2014-07,73
승강기인증,2014-08,126
승강기인증,2014-09,173
승강기인증,2014-10,75
승강기인증,2014-11,61
승강기인증,2014-12,83
승강기인증,2015-01,87
승강기인증,2015-02,128
승강기인증,2015-03,69
승강기인증,2015-04,171
승강기인증,2015-05,102
승강기인증,2015-06,110
승강기인증,2015-07,118
승강기인증,2015-08,73
승강기인증,2015-09,174
승강기인증,2015-10,125
승강기인증,2015-11,106
승강기인증,2015-12,166
승강기인증,2016-01,124
승강기인증,2016-02,75
승강기인증,2016-03,136
승강기인증,2016-04,82
승강기인증,2016-05,86
승강기인증,2016-06,70
승강기인증,2016-07,58
승강기인증,2016-08,100
승강기인증,2016-09,67
승강기인증,2016-10,92
승강기인증,2016-11,128
승강기인증,2016-12,151
승강기인증,2017-01,91
승강기인증,2017-02,61
승강기인증,2017-03,97
승강기인증,2017-04,188
승강기인증,2017-05,102
승강기인증,2017-06,158
승강기인증,2017-07,88
승강기인증,2017-08,95
승강기인증,2017-09,74
승강기인증,2017-10,94
승강기인증,2017-11,169
승강기인증,2017-12,125
승강기인증,2018-01,92
승강기인증,2018-02,117
승강기인증,2018-03,63
승강기인증,2018-04,102
승강기인증,2018-05,231
승강기인증,2018-06,65
승강기인증,2018-07,93
승강기인증,2018-08,119
승강기인증,2018-09,45
승강기인증,2018-10,64
승강기인증,2018-11,186
승강기인증,2018-12,196
승강기인증,2019-01,208
승강기인증,2019-02,146
승강기인증,2019-03,385
승강기인증,2019-04,49
승강기인증,2019-05,140
승강기인증,2019-06,38
승강기인증,2019-07,10
승강기인증,2020-09,19
승강기인증,2023-02,3
전기인증,2012-05,61
전기인증,2012-06,1456
전기인증,2012-07,1523
전기인증,2012-08,1359
전기인증,2012-09,1243
전기인증,2012-10,1317
전기인증,2012-11,1590
전기인증,2012-12,1809
전기인증,2013-01,1462
전기인증,2013-02,1076
전기인증,2013-03,1458
전기인증,2013-04,1681
전기인증,2013-05,1736
전기인증,2013-06,1434
전기인증,2013-07,1619
전기인증,2013-08,1901
전기인증,2013-09,1331
전기인증,2013-10,1679
전기인증,2013-11,1367
전기인증,2013-12,1791
전기인증,2014-01,1456
전기인증,2014-02,1374
전기인증,2014-03,1657
전기인증,2014-04,1764
전기인증,2014-05,1360
전기인증,2014-06,1349
전기인증,2014-07,1358
전기인증,2014-08,1292
전기인증,2014-09,1212
전기인증,2014-10,1334
전기인증,2014-11,1409
전기인증,2014-12,1512
전기인증,2015-01,1394
전기인증,2015-02,1347
전기인증,2015-03,1600
전기인증,2015-04,1585
전기인증,2015-05,1349
전기인증,2015-06,1552
전기인증,2015-07,1597
전기인증,2015-08,1412
전기인증,2015-09,1310
전기인증,2015-10,1231
전기인증,2015-11,2374
전기인증,2015-12,1486
전기인증,2016-01,1427
전기인증,2016-02,1181
전기인증,2016-03,1357
전기인증,2016-04,1641
전기인증,2016-05,1390
전기인증,2016-06,1448
전기인증,2016-07,1901
전기인증,2016-08,1569
전기인증,2016-09,1627
전기인증,2016-10,1742
전기인증,2016-11,1997
전기인증,2016-12,2038
전기인증,2017-01,1812
전기인증,2017-02,1300
전기인증,2017-03,1774
전기인증,2017-04,1476
전기인증,2017-05,1471
전기인증,2017-06,1529
전기인증,2017-07,2075
전기인증,2017-08,1517
전기인증,2017-09,1617
전기인증,2017-10,1164
전기인증,2017-11,1705
전기인증,2017-12,1629
전기인증,2018-01,1648
전기인증,2018-02,1400
전기인증,2018-03,1662
전기인증,2018-04,1632
전기인증,2018-05,1509
전기인증,2018-06,1515
전기인증,2018-07,1559
전기인증,2018-08,1529
전기인증,2018-09,1199
전기인증,2018-10,1497
전기인증,2018-11,1625
전기인증,2018-12,1414
전기인증,2019-01,1521
전기인증,2019-02,1225
전기인증,2019-03,1532
전기인증,2019-04,1974
전기인증,2019-05,1705
전기인증,2019-06,1379
전기인증,2019-07,1530
전기인증,2019-08,1451
전기인증,2019-09,1656
전기인증,2019-10,1558
전기인증,2019-11,1598
전기인증,2019-12,2044
전기인증,2020-01,1399
전기인증,2020-02,1287
전기인증,2020-03,1648
전기인증,2020-04,1587
전기인증,2020-05,1632
전기인증,2020-06,1511
전기인증,2020-07,1628
전기인증,2020-08,1323
전기인증,2020-09,1591
전기인증,2020-10,1528
전기인증,2020-11,1446
전기인증,2020-12,1604
전기인증,2021-01,1616
전기인증,2021-02,1470
전기인증,2021-03,1886
전기인증,2021-04,1714
전기인증,2021-05,1316
전기인증,2021-06,1595
전기인증,2021-07,1552
전기인증,2021-08,1587
전기인증,2021-09,1590
전기인증,2021-10,1894
전기인증,2021-11,1387
전기인증,2021-12,1791
전기인증,2022-01,1588
전기인증,2022-02,983
전기인증,2022-03,1441
전기인증,2022-04,1347
전기인증,2022-05,1240
전기인증,2022-06,1480
전기인증,2022-07,1388
전기인증,2022-08,1421
전기인증,2022-09,1277
전기인증,2022-10,1132
전기인증,2022-11,1428
전기인증,2022-12,1069
전기인증,2023-01,1113
전기인증,2023-02,1263
표준,2006-01,15
표준,2006-02,6260
표준,2006-03,9054
표준,2006-04,7609
표준,2006-05,9095
표준,2006-06,9067
표준,2006-07,7884
표준,2006-08,7984
표준,2006-09,8113
표준,2006-10,7848
표준,2006-11,9579
표준,2006-12,8134
표준,2007-01,8882
표준,2007-02,6801
표준,2007-03,9364
표준,2007-04,8602
표준,2007-05,10711
표준,2007-06,8780
표준,2007-07,7374
표준,2007-08,8007
표준,2007-09,7523
표준,2007-10,9368
표준,2007-11,9170
표준,2007-12,8280
표준,2008-01,8624
표준,2008-02,6702
표준,2008-03,9495
표준,2008-04,9434
표준,2008-05,8735
표준,2008-06,8222
표준,2008-07,9662
표준,2008-08,7436
표준,2008-09,8333
표준,2008-10,9017
표준,2008-11,8445
표준,2008-12,8801
표준,2009-01,5932
표준,2009-02,7866
표준,2009-03,9097
표준,2009-04,7933
표준,2009-05,7566
표준,2009-06,8804
표준,2009-07,9103
표준,2009-08,7093
표준,2009-09,8294
표준,2009-10,8467
표준,2009-11,9273
표준,2009-12,8836
표준,2010-01,6235
표준,2010-02,7522
표준,2010-03,9067
표준,2010-04,8373
표준,2010-05,8788
표준,2010-06,8892
표준,2010-07,8831
표준,2010-08,7812
표준,2010-09,7564
표준,2010-10,8699
표준,2010-11,10238
표준,2010-12,9460
표준,2011-01,7646
표준,2011-02,6257
표준,2011-03,9383
표준,2011-04,9318
표준,2011-05,8885
표준,2011-06,9473
표준,2011-07,8762
표준,2011-08,8419
표준,2011-09,9123
표준,2011-10,8828
표준,2011-11,9340
표준,2011-12,10449
표준,2012-01,7785
표준,2012-02,8238
표준,2012-03,10231
표준,2012-04,9213
표준,2012-05,8478
표준,2012-06,9502
표준,2012-07,11273
표준,2012-08,9119
표준,2012-09,8799
표준,2012-10,8708
표준,2012-11,10131
표준,2012-12,9269
표준,2013-01,9752
표준,2013-02,7910
표준,2013-03,10352
표준,2013-04,10602
표준,2013-05,9098
표준,2013-06,10120
표준,2013-07,11553
표준,2013-08,9223
표준,2013-09,8331
표준,2013-10,8933
표준,2013-11,10628
표준,2013-12,2559
표준,2014-01,10158
표준,2014-02,9889
표준,2014-03,10719
표준,2014-04,12612
표준,2014-05,8618
표준,2014-06,10596
표준,2014-07,13033
표준,2014-08,9633
표준,2014-09,9071
표준,2014-10,11108
표준,2014-11,10414
표준,2015-01,10459
표준,2015-02,8915
표준,2015-03,12481
표준,2015-04,12320
표준,2015-05,10815
표준,2015-06,12403
표준,2015-07,13816
표준,2015-08,10612
표준,2015-09,9505
표준,2015-10,9553
형식승인,2019-03,2
형식승인,2019-04,1
형식승인,2020-05,48
형식승인,2020-06,30
형식승인,2020-07,10
형식승인,2020-08,54
형식승인,2020-09,7
형식승인,2020-10,15
형식승인,2020-11,10
형식승인,2020-12,28
형식승인,2021-01,101
형식승인,2021-02,68
형식승인,2021-03,4
형식승인,2021-04,28
형식승인,2021-05,40
형식승인,2021-06,44
형식승인,2021-07,49
형식승인,2021-08,37
형식승인,2021-09,38
형식승인,2021-10,28
형식승인,2021-11,55
형식승인,2021-12,45
형식승인,2022-01,80
형식승인,2022-02,30
형식승인,2022-03,35
형식승인,2022-04,32
형식승인,2022-05,48
형식승인,2022-06,57
형식승인,2022-07,44
형식승인,2022-08,61
형식승인,2022-09,60
형식승인,2022-10,93
형식승인,2022-11,47
형식승인,2022-12,70
형식승인,2023-01,56
형식승인,2023-02,69
